{"baseline": [0.046425419850685934, 0.877], "pipeline_rl": [0.04981549726357808, 0.87], "pipeline_pretrained": [0.06240387168482404, 0.0159], "satnet_baseline": [0.001218017533903372, 0.0], "satnet_our": [0.061881015037457486, 0.0002], "neurASP": [10, 0.89]}