{"baseline": [0.0, 0.0, 0.0, 0.0, 0.03884482407972341, 0.6839536302623551, 0.814317673378076, 0.8519422412039862, 0.8637380516575147, 0.8680089485458613, 0.8708562131380924, 0.8745169818995322, 0.8759406141956477, 0.8775676225340655, 0.8793980069147854, 0.8802115110839943, 0.880821639210901, 0.8816351433801098, 0.8820418954647142, 0.8824486475493187, 0.8828553996339231, 0.8830587756762254, 0.8834655277608298, 0.8834655277608298, 0.8834655277608298, 0.883668903803132, 0.8838722798454343, 0.8840756558877364, 0.8840756558877364, 0.8840756558877364, 0.8840756558877364, 0.8840756558877364, 0.8840756558877364, 0.8844824079723409, 0.8844824079723409, 0.8844824079723409, 0.8844824079723409, 0.884685784014643, 0.8848891600569453, 0.8848891600569453, 0.8850925360992475, 0.8850925360992475, 0.8850925360992475, 0.8852959121415497, 0.8857026642261542, 0.8857026642261542, 0.8857026642261542, 0.8857026642261542, 0.8857026642261542, 0.8857026642261542, 0.8859060402684564, 0.8859060402684564, 0.8859060402684564, 0.8861094163107586, 0.8861094163107586, 0.8863127923530608, 0.8863127923530608, 0.8863127923530608, 0.8863127923530608, 0.8863127923530608, 0.8865161683953631, 0.8867195444376652, 0.8867195444376652, 0.8867195444376652, 0.8867195444376652, 0.8867195444376652, 0.8867195444376652, 0.8867195444376652, 0.8867195444376652, 0.8867195444376652, 0.8867195444376652, 0.8867195444376652, 0.8867195444376652, 0.8867195444376652, 0.8867195444376652, 0.8867195444376652, 0.8867195444376652, 0.8867195444376652, 0.8867195444376652, 0.8869229204799675, 0.8869229204799675, 0.8869229204799675, 0.8869229204799675, 0.8869229204799675, 0.8869229204799675, 0.8869229204799675, 0.8869229204799675, 0.8869229204799675, 0.8869229204799675, 0.8869229204799675, 0.8869229204799675, 0.8869229204799675, 0.8869229204799675, 0.8869229204799675, 0.8869229204799675, 0.8869229204799675, 0.8869229204799675, 0.8869229204799675, 0.8869229204799675, 0.8869229204799675, 0.8869229204799675], "pipeline_rl": [0.0, 0.0, 0.0, 0.0, 0.004677648972950987, 0.525320317266626, 0.799267846247712, 0.8338417734390888, 0.8456375838926175, 0.8505186089078707, 0.8537726255847061, 0.8570266422615416, 0.8584502745576571, 0.8598739068537726, 0.862111043319097, 0.8625177954037014, 0.8635346756152126, 0.8637380516575147, 0.8643481797844214, 0.8647549318690259, 0.8655684360382347, 0.8657718120805369, 0.8663819402074435, 0.8663819402074435, 0.8663819402074435, 0.8665853162497458, 0.866788692292048, 0.866788692292048, 0.8669920683343502, 0.8669920683343502, 0.8669920683343502, 0.8669920683343502, 0.8669920683343502, 0.8673988204189547, 0.8673988204189547, 0.8673988204189547, 0.8673988204189547, 0.8673988204189547, 0.8673988204189547, 0.8673988204189547, 0.8676021964612569, 0.8676021964612569, 0.8680089485458613, 0.8682123245881636, 0.8682123245881636, 0.8682123245881636, 0.8682123245881636, 0.8682123245881636, 0.8682123245881636, 0.8684157006304657, 0.8686190766727679, 0.8686190766727679, 0.8686190766727679, 0.8688224527150702, 0.8690258287573723, 0.8692292047996746, 0.8692292047996746, 0.8692292047996746, 0.8692292047996746, 0.8692292047996746, 0.8696359568842791, 0.8696359568842791, 0.8696359568842791, 0.8696359568842791, 0.8696359568842791, 0.8696359568842791, 0.8696359568842791, 0.8696359568842791, 0.8696359568842791, 0.8696359568842791, 0.8696359568842791, 0.8696359568842791, 0.8696359568842791, 0.8696359568842791, 0.8696359568842791, 0.8696359568842791, 0.8696359568842791, 0.8696359568842791, 0.8696359568842791, 0.8698393329265812, 0.8698393329265812, 0.8698393329265812, 0.8698393329265812, 0.8698393329265812, 0.8698393329265812, 0.8698393329265812, 0.8698393329265812, 0.8698393329265812, 0.8698393329265812, 0.8700427089688835, 0.8700427089688835, 0.8700427089688835, 0.8700427089688835, 0.8700427089688835, 0.8700427089688835, 0.8700427089688835, 0.8700427089688835, 0.8700427089688835, 0.8700427089688835, 0.8700427089688835, 0.8700427089688835], "pipeline_pretrained": [0.0, 0.0022371364653243847, 0.012609314622737441, 0.015659955257270694, 0.01586333129957291, 0.01586333129957291, 0.01586333129957291, 0.01586333129957291, 0.01586333129957291, 0.01586333129957291, 0.01586333129957291, 0.01586333129957291, 0.01586333129957291, 0.01586333129957291, 0.01586333129957291, 0.01586333129957291, 0.01586333129957291, 0.01586333129957291, 0.01586333129957291, 0.01586333129957291, 0.01586333129957291, 0.01586333129957291, 0.01586333129957291, 0.01586333129957291, 0.01586333129957291, 0.01586333129957291, 0.01586333129957291, 0.01586333129957291, 0.01586333129957291, 0.01586333129957291, 0.01586333129957291, 0.01586333129957291, 0.01586333129957291, 0.01586333129957291, 0.01586333129957291, 0.01586333129957291, 0.01586333129957291, 0.01586333129957291, 0.01586333129957291, 0.01586333129957291, 0.01586333129957291, 0.01586333129957291, 0.01586333129957291, 0.01586333129957291, 0.01586333129957291, 0.01586333129957291, 0.01586333129957291, 0.01586333129957291, 0.01586333129957291, 0.01586333129957291, 0.01586333129957291, 0.01586333129957291, 0.01586333129957291, 0.01586333129957291, 0.01586333129957291, 0.01586333129957291, 0.01586333129957291, 0.01586333129957291, 0.01586333129957291, 0.01586333129957291, 0.01586333129957291, 0.01586333129957291, 0.01586333129957291, 0.01586333129957291, 0.01586333129957291, 0.01586333129957291, 0.01586333129957291, 0.01586333129957291, 0.01586333129957291, 0.01586333129957291, 0.01586333129957291, 0.01586333129957291, 0.01586333129957291, 0.01586333129957291, 0.01586333129957291, 0.01586333129957291, 0.01586333129957291, 0.01586333129957291, 0.01586333129957291, 0.01586333129957291, 0.01586333129957291, 0.01586333129957291, 0.01586333129957291, 0.01586333129957291, 0.01586333129957291, 0.01586333129957291, 0.01586333129957291, 0.01586333129957291, 0.01586333129957291, 0.01586333129957291, 0.01586333129957291, 0.01586333129957291, 0.01586333129957291, 0.01586333129957291, 0.01586333129957291, 0.01586333129957291, 0.01586333129957291, 0.01586333129957291, 0.01586333129957291, 0.01586333129957291, 0.01586333129957291], "satnet_baseline": [0.0, 0.0, 0.0, 0.0, 0.0, 0.0, 0.0, 0.0, 0.0, 0.0, 0.0, 0.0, 0.0, 0.0, 0.0, 0.0, 0.0, 0.0, 0.0, 0.0, 0.0, 0.0, 0.0, 0.0, 0.0, 0.0, 0.0, 0.0, 0.0, 0.0, 0.0, 0.0, 0.0, 0.0, 0.0, 0.0, 0.0, 0.0, 0.0, 0.0, 0.0, 0.0, 0.0, 0.0, 0.0, 0.0, 0.0, 0.0, 0.0, 0.0, 0.0, 0.0, 0.0, 0.0, 0.0, 0.0, 0.0, 0.0, 0.0, 0.0, 0.0, 0.0, 0.0, 0.0, 0.0, 0.0, 0.0, 0.0, 0.0, 0.0, 0.0, 0.0, 0.0, 0.0, 0.0, 0.0, 0.0, 0.0, 0.0, 0.0, 0.0, 0.0, 0.0, 0.0, 0.0, 0.0, 0.0, 0.0, 0.0, 0.0, 0.0, 0.0, 0.0, 0.0, 0.0, 0.0, 0.0, 0.0, 0.0, 0.0, 0.0],