{"baseline": [0.020075839519500732, 0.657], "pipeline_rl": [0.018365721702575683, 0.73], "pipeline_pretrained": [0.00781265115737915, 0.6], "satnet_baseline": [0.0017893030643463136, 0.0], "satnet_our": [0.005213563680648804, 0.242], "neurASP": [10, 0.0]}