{"baseline": [0.013906668663024903, 0.564], "pipeline_rl": [0.008837196826934814, 0.822], "pipeline_pretrained": [0.008993579387664794, 0.764], "satnet_baseline": [0.0024257607460021974, 0.601], "satnet_our": [0.01033579683303833, 0.814], "neurASP": [10, 0.0]}