{"baseline": [0.01586493458747864, 0.7456], "pipeline_rl": [0.00788323142528534, 0.8424], "pipeline_pretrained": [0.007212785077095032, 0.8002], "satnet_baseline": [0.0011160465240478516, 0.6344], "satnet_our": [0.005875761103630066, 0.6905], "neurASP": [10, 0.0]}